reef,center_lat,center_lon,found,rank,pixel_lat,pixel_lon,chlor_a,distance_km
Havelock,11.975000000000001,92.97500000000002,True,1,11.708331108093262,93.04168701171875,0.6498980323473611,34.445604480608446
Mahatma_Gandhi_Marine_National_Park,11.575,92.625,True,1,11.541664123535156,92.875,0.5196855664253232,32.21345964301239
Jolly_Buoy,11.495000000000001,92.61000000000001,True,1,11.291664123535156,92.54168701171875,0.5196855664253232,27.04966354727273
Neel_Island,11.825,93.04499999999996,True,1,11.708331108093262,93.04168701171875,0.6008575558662418,16.948359593210922
